{
  "download (1)": {
    "mean_brightness": 80.71836853027344,
    "std_brightness": 36.282225482814134,
    "edge_density": 0.130889892578125
  },
  "download (2)": {
    "mean_brightness": 153.28433227539062,
    "std_brightness": 51.68945511795947,
    "edge_density": 0.0835418701171875
  },
  "download (3)": {
    "mean_brightness": 216.4364013671875,
    "std_brightness": 61.19107708189504,
    "edge_density": 0.051849365234375
  },
  "download": {
    "mean_brightness": 240.12391662597656,
    "std_brightness": 41.17578897153758,
    "edge_density": 0.039581298828125
  },
  "images (1)": {
    "mean_brightness": 170.70884704589844,
    "std_brightness": 48.36151006091887,
    "edge_density": 0.1025238037109375
  },
  "images": {
    "mean_brightness": 153.8520965576172,
    "std_brightness": 52.18039039976538,
    "edge_density": 0.0885467529296875
  },
  "Mambo": {
    "mean_brightness": 139.50636291503906,
    "std_brightness": 68.03984421048553,
    "edge_density": 0.12457275390625
  }
}